kind,pr_id,repo,number,url,p_hat,is_slow,wait_h,top1_feature,top1_shap,top1_value,top2_feature,top2_shap,top2_value,top3_feature,top3_shap,top3_value,top4_feature,top4_shap,top4_value,top5_feature,top5_shap,top5_value
fp,PR_kwDOP_B-Mc7EoiWW,radixark/miles,617,https://github.com/radixark/miles/pull/617,0.9520886501216803,False,43.42305555555556,author_prior_slow_rate_here,2.4186191241891812,0.94230671189584,trailing_90d_slow_rate,0.2308335831581437,0.7095162026077397,body_len,0.14992003186598327,0,reviewer_requested_at_open,0.1114506493625642,False,prior_merge_rate_here,0.06593561483187822,0.9509949552445689
fp,PR_kwDOP_B-Mc7DxxJ7,radixark/miles,602,https://github.com/radixark/miles/pull/602,0.9519128149728251,False,82.68944444444445,author_prior_slow_rate_here,2.501473345989859,0.9591336174654087,trailing_90d_slow_rate,0.23118344157806772,0.7472048303942374,body_len,0.13983781604577447,0,reviewer_requested_at_open,0.11137161719249569,False,language_dominant,0.0384421611200418,Python
fp,PR_kwDOD6w0vM67jor1,projen/projen,4485,https://github.com/projen/projen/pull/4485,0.9479381477026296,False,31.895,author_prior_slow_rate_here,2.3429422422412554,0.9918987936102351,trailing_90d_slow_rate,0.2219556759287566,0.6749163762791415,prior_merge_rate_here,0.17025185851212235,0.9986390368860344,reviewer_requested_at_open,0.11137722612665162,False,additions_at_open,0.07412562906820817,
fp,PR_kwDOQ2-eWs7HBRXB,kdlbs/kandev,330,https://github.com/kdlbs/kandev/pull/330,0.9476390303387158,False,0.3913888888888889,author_prior_slow_rate_here,2.7896122476659344,0.978663245846698,trailing_90d_slow_rate,0.2918515951493194,0.9820791495014292,body_len,-0.14202828054676211,806,reviewer_requested_at_open,0.10155023112402292,False,prior_merge_rate_here,-0.07059779396130181,0.9018482668741736
fp,PR_kwDOCH8Ets7gJy3n,yunionio/cloudpods,24917,https://github.com/yunionio/cloudpods/pull/24917,0.9449589038148001,False,0.001388888888888889,author_prior_slow_rate_here,2.5265418352206965,0.9748128024235944,trailing_90d_slow_rate,0.2900393654195438,0.9874041658645655,prior_merge_rate_here,0.18271916014853767,0.9791561834283509,body_len,-0.15977862417629576,547,reviewer_requested_at_open,0.1121822227387342,False
fp,PR_kwDOCH8Ets7V37y0,yunionio/cloudpods,24732,https://github.com/yunionio/cloudpods/pull/24732,0.9442405749994913,False,0.0019444444444444444,author_prior_slow_rate_here,2.4866677030007893,0.9743217055411886,trailing_90d_slow_rate,0.2905543306408638,0.9876038590577851,prior_merge_rate_here,0.20257437888363256,0.9800703211705206,body_len,-0.1601435939459678,549,reviewer_requested_at_open,0.12002183997186218,False
fp,PR_kwDOP_B-Mc7MEByb,radixark/miles,765,https://github.com/radixark/miles/pull/765,0.94398297828773,False,0.06444444444444444,author_prior_slow_rate_here,2.4358347372684457,0.9214416302220321,trailing_90d_slow_rate,0.19728646196440652,0.5896358207454926,body_len,0.16481832682329245,0,reviewer_requested_at_open,0.10976564063201752,False,language_dominant,0.03858029699882228,Python
fp,PR_kwDOD6w0vM7LtVUE,projen/projen,4580,https://github.com/projen/projen/pull/4580,0.9438502945188708,False,6.151388888888889,author_prior_slow_rate_here,2.5647227555239436,0.921968441953638,prior_merge_rate_here,0.20138691594791377,0.9810068673410642,trailing_90d_slow_rate,0.16134462492555704,0.5038413638339618,reviewer_requested_at_open,0.09898260066095406,False,body_len,-0.05876179545201393,211
fp,PR_kwDOQ2-eWs7HZPrl,kdlbs/kandev,348,https://github.com/kdlbs/kandev/pull/348,0.9433723551201654,False,0.5713888888888888,author_prior_slow_rate_here,2.5122406905533965,0.9816704393850828,trailing_90d_slow_rate,0.28886900093735873,0.9652460552442047,prior_merge_rate_here,0.17946562300195246,0.9803155743122647,reviewer_requested_at_open,0.11159177402140888,False,body_len,-0.10016229038289749,1879
fp,PR_kwDOCH8Ets7JtegX,yunionio/cloudpods,24429,https://github.com/yunionio/cloudpods/pull/24429,0.9431653044251053,False,0.0016666666666666668,author_prior_slow_rate_here,2.461808509294876,0.9729146268088182,trailing_90d_slow_rate,0.29271177465283243,0.9892474897008575,prior_merge_rate_here,0.1962477073488291,0.979494318892212,body_len,-0.16164304460459694,539,reviewer_requested_at_open,0.11386522252529142,False
fp,PR_kwDOCH8Ets7rmmLz,yunionio/cloudpods,25079,https://github.com/yunionio/cloudpods/pull/25079,0.9389756963334704,False,0.0022222222222222222,author_prior_slow_rate_here,2.4150484896749993,0.97470853474329,trailing_90d_slow_rate,0.28866221371121337,0.9830450767465423,prior_merge_rate_here,0.1812510792232035,0.9790147042791855,body_len,-0.14521051608462032,721,reviewer_requested_at_open,0.11685904188883803,False
fp,PR_kwDOP_B-Mc7H3tUn,radixark/miles,681,https://github.com/radixark/miles/pull/681,0.9380698863272297,False,9.116388888888888,author_prior_slow_rate_here,2.381973817985721,0.9370112912126879,trailing_90d_slow_rate,0.19508630086091355,0.6078237774771632,body_len,0.16958494098206056,0,reviewer_requested_at_open,0.11487661330365902,False,additions_at_open,-0.050117801779886374,56.0
fp,PR_kwDOCH8Ets7FzglZ,yunionio/cloudpods,24333,https://github.com/yunionio/cloudpods/pull/24333,0.9312086489854408,False,7.469166666666666,author_prior_slow_rate_here,2.498618701604274,0.9446274889424331,trailing_90d_slow_rate,0.28442994774135427,0.9877801609133845,body_len,-0.21987202537770686,532,reviewer_requested_at_open,0.11090039927059621,False,additions_at_open,0.039376808431425755,11.0
fp,PR_kwDOP_B-Mc7LdMVN,radixark/miles,749,https://github.com/radixark/miles/pull/749,0.9232660404296308,False,0.20166666666666666,author_prior_slow_rate_here,2.4691480597827598,0.9293397013382209,trailing_90d_slow_rate,0.20789345366338602,0.5945907436089001,body_len,-0.19853167097213067,337,reviewer_requested_at_open,0.10159599023720758,False,n_reviewers_requested_at_open,0.03478487257860617,0
fp,PR_kwDOQ2-eWs7VppBE,kdlbs/kandev,706,https://github.com/kdlbs/kandev/pull/706,0.9205558449506649,False,11.905277777777778,author_prior_slow_rate_here,2.4934307539955602,0.97915584060546,trailing_90d_slow_rate,0.28952398350091807,0.9648889019175788,body_len,-0.139883722202129,1342,reviewer_requested_at_open,0.10304497698647248,False,additions_at_open,-0.075974161278021,649.0
fp,PR_kwDOP_B-Mc7MDu5S,radixark/miles,763,https://github.com/radixark/miles/pull/763,0.9191001634842865,False,0.04861111111111111,author_prior_slow_rate_here,2.4671707882430365,0.9240593621260719,trailing_90d_slow_rate,0.20994593602602854,0.591278260357597,body_len,-0.20327265412708534,334,reviewer_requested_at_open,0.10310629804136237,False,prior_merge_rate_here,-0.052684530812983986,0.9330711963201199
fp,PR_kwDOQHh8ns7g7Y4r,bastani-inc/atomic,1135,https://github.com/bastani-inc/atomic/pull/1135,0.9189513650718487,False,14.649722222222222,author_prior_slow_rate_here,2.345915211938679,0.9730578026865979,trailing_90d_slow_rate,0.28479867735673514,0.9857334893274139,trailing_n,-0.21554009180753828,607,prior_merge_rate_here,0.17649772252584942,0.9862915096927114,body_len,-0.12096822770347435,5664
fp,PR_kwDOQHh8ns7g-pWh,bastani-inc/atomic,1139,https://github.com/bastani-inc/atomic/pull/1139,0.9179109968631934,False,8.404722222222222,author_prior_slow_rate_here,2.353014838997853,0.9730578026865979,trailing_90d_slow_rate,0.2781911185565894,0.9840995023993093,trailing_n,-0.2052567724574311,607,prior_merge_rate_here,0.1800249213340094,0.983214157088366,body_len,-0.11623816276613311,4104
fp,PR_kwDOQ2-eWs7fIxFc,kdlbs/kandev,1073,https://github.com/kdlbs/kandev/pull/1073,0.917309670323978,False,0.8952777777777777,author_prior_slow_rate_here,2.3288433410357134,0.9924471568185775,trailing_90d_slow_rate,0.2823494980955776,0.9353403931024663,trailing_n,-0.1794854156952889,594,prior_merge_rate_here,0.1374672086315988,0.9778952531835388,body_len,-0.12868959671792576,2001
fp,PR_kwDOQHh8ns7g_moY,bastani-inc/atomic,1143,https://github.com/bastani-inc/atomic/pull/1143,0.9169965050642745,False,5.748611111111111,author_prior_slow_rate_here,2.3455291227020845,0.9730578026865979,trailing_90d_slow_rate,0.2784982612449871,0.9841254412208439,trailing_n,-0.20712788549515446,608,prior_merge_rate_here,0.18082133140480625,0.9816826708623717,body_len,-0.11643022783005641,5499
fp,PR_kwDOQHh8ns7g87h2,bastani-inc/atomic,1136,https://github.com/bastani-inc/atomic/pull/1136,0.9169873055524161,False,13.227777777777778,author_prior_slow_rate_here,2.3386333887479895,0.9730578026865979,trailing_90d_slow_rate,0.28176043898322306,0.9857101398827779,trailing_n,-0.21307443490051242,606,prior_merge_rate_here,0.17597965845011082,0.9847504292088166,body_len,-0.12018344711621903,5134
fp,PR_kwDOQHh8ns7g_050,bastani-inc/atomic,1144,https://github.com/bastani-inc/atomic/pull/1144,0.9140333648288506,False,3.707222222222222,author_prior_slow_rate_here,2.345926428806785,0.9730578026865979,trailing_90d_slow_rate,0.27712728634673517,0.9841254412208439,trailing_n,-0.20003555009568694,608,prior_merge_rate_here,0.18622941110367053,0.9801559482016214,body_len,-0.1173192817090631,2240
fp,PR_kwDOQHh8ns7g_3qH,bastani-inc/atomic,1145,https://github.com/bastani-inc/atomic/pull/1145,0.9138405617822092,False,3.2511111111111113,author_prior_slow_rate_here,2.331014294118438,0.9730578026865979,trailing_90d_slow_rate,0.2777044906338109,0.9841254412208439,trailing_n,-0.2048817670978394,608,prior_merge_rate_here,0.16614868859439147,0.9786339669155941,body_len,-0.1255130964718483,2867
fp,PR_kwDOQHh8ns7g6Hzk,bastani-inc/atomic,1131,https://github.com/bastani-inc/atomic/pull/1131,0.9090958463769323,False,10.085833333333333,author_prior_slow_rate_here,2.4666517043794456,0.9372186804411441,trailing_90d_slow_rate,0.26537897344926537,0.9857334893274139,trailing_n,-0.214966534056633,607,body_len,-0.15718000614163674,2262,reviewer_requested_at_open,0.09847494729776604,False
fp,PR_kwDOP_B-Mc7P5xIX,radixark/miles,880,https://github.com/radixark/miles/pull/880,0.9083894042914007,False,115.17722222222223,author_prior_slow_rate_here,2.074437783473959,0.8646571674266431,trailing_90d_slow_rate,0.16309231328213217,0.5260748074294851,reviewer_requested_at_open,0.11347589572720486,False,body_len,0.09777626572515706,30,prior_merge_rate_here,-0.06881643201796084,0.8963778528378228
fn,PR_kwDOBT6fwc7ryV-O,kubernetes/autoscaler,9889,https://github.com/kubernetes/autoscaler/pull/9889,0.047994598815918714,True,,author_prior_slow_rate_here,-1.225405314525651,0.14180596677358334,trailing_90d_slow_rate,-0.7571033138631101,0.02191921492439627,n_assignable_users,-0.27806113181794934,707,reviewer_requested_at_open,-0.2648160970590298,True,n_reviewers_requested_at_open,-0.17261240480364198,2
fn,PR_kwDOBT6fwc7sT8U_,kubernetes/autoscaler,9905,https://github.com/kubernetes/autoscaler/pull/9905,0.048159989239242675,True,,author_prior_slow_rate_here,-0.9907457750214869,0.3781492447295556,trailing_90d_slow_rate,-0.8968178942826441,0.02169167982137486,n_assignable_users,-0.299201264741684,707,reviewer_requested_at_open,-0.26451137525613533,True,n_reviewers_requested_at_open,-0.1912107367031452,2
fn,PR_kwDOMprVZM7pSiTX,kubernetes-sigs/gateway-api-inference-extension,2974,https://github.com/kubernetes-sigs/gateway-api-inference-extension/pull/2974,0.048253587014821187,True,723.7130555555556,author_prior_slow_rate_here,-0.9045375835328302,0.4537790936754667,trailing_90d_slow_rate,-0.7973441285457682,0.01260497482431852,n_assignable_users,-0.3037208511129094,457,reviewer_requested_at_open,-0.21940943529557258,True,n_reviewers_requested_at_open,-0.17528686367179355,2
fn,PR_kwDOBT6fwc7NBs1d,kubernetes/autoscaler,9409,https://github.com/kubernetes/autoscaler/pull/9409,0.04991067987968932,True,244.7097222222222,author_prior_slow_rate_here,-1.2594026244745258,0.11941555096722807,trailing_90d_slow_rate,-0.6725956675913451,0.03404500141503726,reviewer_requested_at_open,-0.23748697973647304,True,n_assignable_users,-0.236718545370028,707,n_reviewers_requested_at_open,-0.1495980182279933,2
fn,PR_kwDOBT6fwc6_UBmo,kubernetes/autoscaler,9125,https://github.com/kubernetes/autoscaler/pull/9125,0.05038028435718018,True,198.72055555555556,author_prior_slow_rate_here,-1.2523110690135388,0.03989621933062929,trailing_90d_slow_rate,-0.7311650607644841,0.02887506376441537,reviewer_requested_at_open,-0.25290475906141874,True,n_assignable_users,-0.24676096103942557,707,n_reviewers_requested_at_open,-0.17545194545435527,2
fn,PR_kwDOBT6fwc7HjX44,kubernetes/autoscaler,9305,https://github.com/kubernetes/autoscaler/pull/9305,0.050666353399108244,True,1062.4186111111112,author_prior_slow_rate_here,-1.3434405656725974,0.017621723974506134,trailing_90d_slow_rate,-0.7070220137843237,0.025759798966907582,reviewer_requested_at_open,-0.30227505419506395,True,n_assignable_users,-0.21752281976396695,707,n_reviewers_requested_at_open,-0.16855354048528623,2
fn,PR_kwDOBT6fwc7sObK0,kubernetes/autoscaler,9904,https://github.com/kubernetes/autoscaler/pull/9904,0.05226681112414507,True,369.4888888888889,author_prior_slow_rate_here,-1.0685647254872443,0.3241279240539048,trailing_90d_slow_rate,-0.8154935675876906,0.02191921492439627,n_assignable_users,-0.3063357762503426,707,reviewer_requested_at_open,-0.2659818454371548,True,n_reviewers_requested_at_open,-0.16899549218316592,2
fn,PR_kwDOBT6fwc7H83sx,kubernetes/autoscaler,9317,https://github.com/kubernetes/autoscaler/pull/9317,0.052733346117266426,True,878.8605555555556,author_prior_slow_rate_here,-1.1926960264419393,0.08167298279075656,trailing_90d_slow_rate,-0.8565197147708599,0.025600295567731683,n_assignable_users,-0.28893286004963864,707,reviewer_requested_at_open,-0.2750243243736675,True,n_reviewers_requested_at_open,-0.21306243344795503,2
fn,PR_kwDOBT6fwc692C65,kubernetes/autoscaler,9071,https://github.com/kubernetes/autoscaler/pull/9071,0.0552651326646006,True,273.87666666666667,author_prior_slow_rate_here,-1.1887574998195765,0.07644994473630895,trailing_90d_slow_rate,-0.8726075591708616,0.020553755634024045,n_assignable_users,-0.27631997435093253,707,reviewer_requested_at_open,-0.2733968573159039,True,n_reviewers_requested_at_open,-0.21583953785234997,2
fn,PR_kwDOBT6fwc7Iho9T,kubernetes/autoscaler,9331,https://github.com/kubernetes/autoscaler/pull/9331,0.055482253961416775,True,269.4297222222222,author_prior_slow_rate_here,-1.2168493633048154,0.12604974824318518,trailing_90d_slow_rate,-0.7749128559555791,0.025287142105129463,n_assignable_users,-0.267538792427535,707,reviewer_requested_at_open,-0.23700332223126386,True,n_reviewers_requested_at_open,-0.16638441437070822,2
fn,PR_kwDOBT6fwc7M2Jq_,kubernetes/autoscaler,9408,https://github.com/kubernetes/autoscaler/pull/9408,0.056575990971077225,True,758.1505555555556,author_prior_slow_rate_here,-1.0904176503198284,0.2836119335471667,trailing_90d_slow_rate,-0.7710038144964435,0.03404500141503726,n_assignable_users,-0.25986651845265496,707,reviewer_requested_at_open,-0.25539436536656057,True,n_reviewers_requested_at_open,-0.14108673424476334,2
fn,PR_kwDOMprVZM7pSlya,kubernetes-sigs/gateway-api-inference-extension,2975,https://github.com/kubernetes-sigs/gateway-api-inference-extension/pull/2975,0.05876310055833525,True,723.7255555555555,author_prior_slow_rate_here,-0.8929559317194574,0.4537790936754667,trailing_90d_slow_rate,-0.8107294103259226,0.01260497482431852,n_assignable_users,-0.2585390622652148,457,reviewer_requested_at_open,-0.2079411724565315,True,n_reviewers_requested_at_open,-0.17082572871426868,2
fn,PR_kwDOMprVZM6_caN3,kubernetes-sigs/gateway-api-inference-extension,2211,https://github.com/kubernetes-sigs/gateway-api-inference-extension/pull/2211,0.06191717132667214,True,328.0422222222222,author_prior_slow_rate_here,-1.1907048236972029,0.0995062772758307,trailing_90d_slow_rate,-0.8102690928045263,0.02732667469314787,reviewer_requested_at_open,-0.2634444929353821,True,n_assignable_users,-0.25368937929861934,457,n_reviewers_requested_at_open,-0.2036446332389726,2
fn,PR_kwDOBT6fwc7VylOl,kubernetes/autoscaler,9561,https://github.com/kubernetes/autoscaler/pull/9561,0.06445807694578835,True,355.7402777777778,author_prior_slow_rate_here,-1.0538636025700934,0.2836119335471667,trailing_90d_slow_rate,-0.833736348386193,0.030793672652416393,reviewer_requested_at_open,-0.2631477894099639,True,n_assignable_users,-0.2574070153855133,707,n_reviewers_requested_at_open,-0.1652918596972652,2
fn,PR_kwDOMprVZM7MgEwc,kubernetes-sigs/gateway-api-inference-extension,2660,https://github.com/kubernetes-sigs/gateway-api-inference-extension/pull/2660,0.0663154656039578,True,207.86583333333334,author_prior_slow_rate_here,-1.1968715997605615,0.04448814643877125,trailing_90d_slow_rate,-0.7346081973477719,0.013205251800444446,n_assignable_users,-0.2327828143019433,457,reviewer_requested_at_open,-0.22612298481195042,True,n_reviewers_requested_at_open,-0.13805541322083137,2
fn,PR_kwDOBT6fwc68ySuG,kubernetes/autoscaler,9049,https://github.com/kubernetes/autoscaler/pull/9049,0.06873804377468593,True,261.7841666666667,author_prior_slow_rate_here,-1.2539951439811998,0.05451213450762899,trailing_90d_slow_rate,-0.6081708964398361,0.020966205579857303,reviewer_requested_at_open,-0.2527180290276079,True,n_assignable_users,-0.22579175859612893,707,days_since_first_pr_here,0.18899644724920486,1733.9393402777778
fn,PR_kwDOBT6fwc7VgavY,kubernetes/autoscaler,9553,https://github.com/kubernetes/autoscaler/pull/9553,0.06908571270827737,True,404.9872222222222,author_prior_slow_rate_here,-1.2305549627000092,0.01983827679866245,trailing_90d_slow_rate,-0.6665905882508215,0.03411593178862902,reviewer_requested_at_open,-0.27403415262417513,True,n_assignable_users,-0.16418542978478454,707,n_reviewers_requested_at_open,-0.1565167993774326,2
fn,PR_kwDOBT6fwc7rtQVC,kubernetes/autoscaler,9888,https://github.com/kubernetes/autoscaler/pull/9888,0.07143969172982315,True,,author_prior_slow_rate_here,-0.9749261544172748,0.3781492447295556,trailing_90d_slow_rate,-0.7550955705201385,0.022151574093206127,reviewer_requested_at_open,-0.23847287599154351,True,n_assignable_users,-0.23269917308939397,707,n_reviewers_requested_at_open,-0.16148075742622403,2
fn,PR_kwDOMprVZM7pTAkY,kubernetes-sigs/gateway-api-inference-extension,2976,https://github.com/kubernetes-sigs/gateway-api-inference-extension/pull/2976,0.07171587142624848,True,684.9283333333333,author_prior_slow_rate_here,-0.8667283278885769,0.4537790936754667,trailing_90d_slow_rate,-0.8260150278042386,0.01260497482431852,n_assignable_users,-0.23476836026970963,457,reviewer_requested_at_open,-0.20464773625266228,True,n_reviewers_requested_at_open,-0.1755348637507328,2
fn,PR_kwDOMprVZM7GL5aQ,kubernetes-sigs/gateway-api-inference-extension,2412,https://github.com/kubernetes-sigs/gateway-api-inference-extension/pull/2412,0.07333186927110508,True,871.8236111111111,author_prior_slow_rate_here,-1.2030797156584396,0.09864762905988407,trailing_90d_slow_rate,-0.620300552057298,0.016887485475568377,reviewer_requested_at_open,-0.22226149182213645,True,n_assignable_users,-0.19633758602085763,457,n_reviewers_requested_at_open,-0.14419515482009373,2
fn,PR_kwDOBT6fwc68uXVY,kubernetes/autoscaler,9044,https://github.com/kubernetes/autoscaler/pull/9044,0.08565632396735208,True,529.0088888888889,author_prior_slow_rate_here,-1.2611670875923349,0.09864762905988407,trailing_90d_slow_rate,-0.600017559584349,0.021250493113143504,reviewer_requested_at_open,-0.23829005520907748,True,prior_merge_rate_here,0.19028651552702802,0.9669684649409812,n_reviewers_requested_at_open,-0.17137020772235054,2
fn,PR_kwDOBT6fwc7p9O3z,kubernetes/autoscaler,9858,https://github.com/kubernetes/autoscaler/pull/9858,0.09390880886136214,True,,author_prior_slow_rate_here,-1.1738001854661857,0.04750912070834859,trailing_90d_slow_rate,-0.5311602727750862,0.018817483815633335,reviewer_requested_at_open,-0.24821559991517417,True,n_assignable_users,-0.1871237012875615,707,days_since_first_pr_here,0.15527196389618184,1896.2887037037037
fn,PR_kwDOBT6fwc7BsK9u,kubernetes/autoscaler,9187,https://github.com/kubernetes/autoscaler/pull/9187,0.09430756530111734,True,336.1922222222222,author_prior_slow_rate_here,-1.2608036510944634,0.13620397784905555,trailing_90d_slow_rate,-0.605154152143899,0.02905609864695089,reviewer_requested_at_open,-0.23693399091942488,True,prior_merge_rate_here,0.1780551253041396,0.9683447789017737,n_reviewers_requested_at_open,-0.1518873583870248,2
fn,PR_kwDOOdNtbc7Da1ZH,Scottcjn/Rustchain,133,https://github.com/Scottcjn/Rustchain/pull/133,0.11160138981199239,True,,author_prior_slow_rate_here,-1.285875387862597,0.1890746223647778,trailing_90d_slow_rate,-0.6102304603960392,0.024932917234915752,reviewer_requested_at_open,0.14525057969766503,False,n_reviewers_requested_at_open,0.1262881109404638,0,n_assignable_users,0.11183131860289322,2
fn,PR_kwDOOdNtbc7EL3Pz,Scottcjn/Rustchain,253,https://github.com/Scottcjn/Rustchain/pull/253,0.11341634273368653,True,1081.1247222222223,author_prior_slow_rate_here,-1.303284873507345,0.1620639620269524,trailing_90d_slow_rate,-0.598614047565558,0.014926943870903509,reviewer_requested_at_open,0.148362039516854,False,n_reviewers_requested_at_open,0.1235864069817986,0,body_len,-0.12176703586339005,725
