feature,share_a,share_b,is_repo_feature
prior_merge_rate_here,0.24893407766966938,0.2622861221026484,False
n_mentionable_users,0.06429075762761448,0.18151569121577024,True
n_assignable_users,0.17560933971716605,0.1636572562730601,True
body_len,0.08732304153028277,0.0486295858506018,False
reviewer_requested_at_open,0.050406481395868195,0.043765431444903316,False
repo_age_days_at_open,0.039370702629243484,0.04161092472922603,False
n_ci_workflows,0.023779581744005126,0.041139579931424954,True
additions_at_open,0.027393036414597137,0.0230845873454338,False
author_account_age_days,0.01656836582116981,0.021524877941792836,False
n_prior_prs_here,0.0221740541612063,0.021091000382969946,False
n_prior_merged_here,0.016094521847072794,0.020070264480778137,False
open_backlog_at_t,0.019012298883017063,0.018405903658443933,False
days_since_first_pr_here,0.01966270097240748,0.016844962903565328,False
prs_opened_trailing_7d,0.02358175994769591,0.01512901392714524,False
title_len_at_open,0.012768846082210019,0.011589931452519959,False
n_reviewers_requested_at_open,0.07980575861760088,0.01097640675788797,False
language_dominant,0.03247105902246199,0.01076696832784019,True
created_dayofweek,0.004563623507744319,0.007259781644018712,False
deletions_at_open,0.010295647369716518,0.007185553715971669,False
is_draft_at_open,0.004372641250063322,0.0059088145098134155,False
is_cross_repository,0.0015233637963214363,0.0057112138286545934,False
n_commits_at_open,0.006947193330310788,0.005118220135100426,False
has_codeowners,0.0019214881230330278,0.0038337616388340067,True
created_hour_utc,0.003978291926841016,0.003758389843302429,False
base_is_default,0.001595057214426035,0.0026581116666607838,False
has_pr_template,0.0032239190951796255,0.002511140544926842,True
has_contributing,0.0012216986672339402,0.002367145635019394,True
owner_is_org,0.0007428479837311806,0.001038328410760666,True
n_labels_at_open,0.0001619123436735377,0.0003727415214153363,False
has_body,0.00018067826308073418,0.00011756263507983819,False
is_first_pr_here,2.5253045355724097e-05,7.07255444296281e-05,False
requested_team_at_open,0.0,0.0,False
is_weekend,0.0,0.0,False
