feature,mean_abs_shap,share
author_prior_slow_rate_here,1.2810026365037195,0.4681476641326875
trailing_90d_slow_rate,0.3814511067811688,0.13940287047950506
reviewer_requested_at_open,0.13649234493005588,0.04988168691471167
body_len,0.10639447931179802,0.03888229855824123
n_assignable_users,0.0974112357955652,0.035599335394373224
prior_merge_rate_here,0.096025722007977,0.03509299370170243
additions_at_open,0.06473125852953016,0.023656303752565038
open_backlog_at_t,0.06024876287856413,0.02201815734389558
trailing_n,0.04881124177860541,0.017838268377368495
repo_age_days_at_open,0.048779153560770463,0.017826541606636305
n_reviewers_requested_at_open,0.04330851259350592,0.015827273441877888
n_mentionable_users,0.03665953650365716,0.013397377876766186
title_len_at_open,0.03374716570486785,0.012333040031012262
is_draft_at_open,0.03142001223669092,0.011482572257441722
n_ci_workflows,0.026756688351859147,0.009778341429520374
author_account_age_days,0.026524956856233874,0.009693654204614236
deletions_at_open,0.026109938225485754,0.009541983944913162
created_dayofweek,0.023340300210602315,0.008529808380076212
n_prior_prs_here,0.023318541261223763,0.008521856482839409
days_since_first_pr_here,0.02298111768057763,0.008398543652247655
n_prior_merged_here,0.020171516950912738,0.007371763549493124
n_commits_at_open,0.017789950419219047,0.006501410298830044
language_dominant,0.015607123473487697,0.005703687244458288
prs_opened_trailing_7d,0.015362284776394052,0.005614209939051237
author_prior_n,0.014289391126195606,0.005222116556968852
has_codeowners,0.008655634733637457,0.0031632371914531703
created_hour_utc,0.007829066704588338,0.002861164517268646
base_is_default,0.006904609993032094,0.002523318022832033
is_cross_repository,0.00488248631857492,0.0017843246376441136
has_pr_template,0.00473826560694748,0.0017316185874425192
has_contributing,0.0019952901219253113,0.0007291869534287625
owner_is_org,0.0012998524287874144,0.0004750363979850104
n_labels_at_open,0.0010666085757031552,0.00038979647584657805
is_first_pr_here,0.00015271037048182582,5.580863082766691e-05
has_body,4.996141630435048e-05,1.825860437218119e-05
is_weekend,1.2287258827456862e-05,4.490429101978646e-06
requested_team_at_open,0.0,0.0
