repo,c_A,y_A,n_A,c_B,y_B,n_B
Scottcjn/Rustchain,0.3537686692451701,0.1989185013518733,5178,0.5280923577006639,0.19922779922779923,5180
ShishirPatil/gorilla,0.09697668793437393,0.9230769230769231,39,0.544960371705649,0.36096938775510207,784
VersusControl/versus-incident,0.810335086705201,0.9523809523809523,63,0.8582392458129324,0.9493670886075949,158
antvis/GPT-Vis,-0.3662923443896982,0.3125,64,1.0159477787526339,0.2328767123287671,219
argoproj-labs/gitops-promoter,-0.3791490565002096,0.20391061452513967,358,0.9565442439720305,0.21503957783641162,758
bastani-inc/atomic,0.7784357661695314,0.9851439182915506,1077,1.6753251567022514,0.9696157283288651,1119
benbjohnson/litestream,0.9277285055695533,0.5958333333333333,240,2.0004434162834643,0.5704387990762124,433
bia-pain-bache/BPB-Worker-Panel,1.668003692416113,0.75,20,1.4945522272249945,0.9395770392749244,331
charmbracelet/catwalk,0.10798654140061566,0.4883720930232558,172,-0.20130834665605796,0.49049429657794674,263
crowdsecurity/crowdsec,-0.4044760118533991,0.29608938547486036,179,0.561874821610957,0.2915578764142733,1149
dbcli/mycli,-0.20549662890711579,0.41350210970464135,474,-0.5637333970446837,0.4316109422492401,658
dcs-liberation/dcs_liberation,0.45443952278311506,0.9574468085106383,47,0.3497171553661792,0.90625,160
didi/LogicFlow,-0.29651462646739996,0.18181818181818182,22,0.03421233861494905,0.23859649122807017,285
huggingface/nanotron,0.7298468675648648,1.0,8,0.17549146899800844,0.6333333333333333,270
icloud-photos-downloader/icloud_photos_downloader,0.6666534988014403,1.0,19,1.2896139722767297,0.8701298701298701,231
jhj0517/Whisper-WebUI,0.7543483220061389,1.0,9,0.8771766800881396,0.867704280155642,257
kdlbs/kandev,0.631355189171441,0.9501445086705202,1384,0.552932921909015,0.9501445086705202,1384
kubernetes-sigs/gateway-api-inference-extension,-1.2403520852625924,0.010398613518197574,577,-0.4949759057650797,0.0074455899198167235,1746
kubernetes/autoscaler,-1.37648401783308,0.030110935023771792,631,-0.4233968405579329,0.031001256807708422,2387
lnreader/lnreader,0.6124478039962661,0.6808510638297872,47,1.333104753051605,0.6372881355932203,295
metriport/metriport,-0.4820786013796391,0.6,5,1.1208700361815405,0.11040645719227443,3469
michaelfeil/infinity,0.7971814760867075,0.5,6,1.6270880399505205,0.7338129496402878,278
microsoft/promptflow,0.18140908815680817,0.7142857142857143,49,-0.3026801754721121,0.2234910277324633,1839
misskey-dev/misskey,-0.5223166118222909,0.44363636363636366,275,-0.8558494973574058,0.3257059396299903,2054
mmschlk/shapiq,0.3709038613897332,0.46296296296296297,54,0.9000988361732827,0.5720720720720721,222
mostly-ai/mostlyai,1.0768968513881985,0.92,25,1.8203736728373743,0.6535087719298246,684
nteract/semiotic,-0.38472274987566546,0.9810606060606061,264,-0.8200137008058064,0.9774436090225563,266
ostris/ai-toolkit,1.929349819454384,0.9103448275862069,145,1.3067099176943522,0.9134948096885813,289
pingcap/autoflow,0.5334088182909249,1.0,5,-0.05332136292484924,0.7792207792207793,462
projen/projen,0.14956579586304172,0.5363636363636364,220,-0.6791329433349313,0.6586666666666666,1125
pytorch/audio,0.23461524007584872,0.7931034482758621,29,-0.5078565044612848,0.480225988700565,354
rabbitstack/fibratus,1.0454015570986372,1.0,125,1.1094221339740795,0.9876847290640394,406
radixark/miles,0.36996178999273915,0.5461465271170314,1051,-0.6377891143215416,0.6406585540443808,1397
solana-foundation/solana-web3.js,0.18733707675664374,0.6976744186046512,43,0.7887979082811677,0.3199577613516367,947
stakater/Reloader,-0.2903031980005554,0.5106382978723404,47,-0.40593865796755235,0.4034334763948498,233
stripe/stripe-go,-0.25365119634355454,0.16,75,0.3603417078606099,0.19318181818181818,264
thought-machine/please,-0.40039405912810067,0.3191489361702128,47,-0.3380554023573618,0.27906976744186046,387
wader/fq,1.2192930360938068,0.9634146341463414,82,1.4422388093674885,0.9181034482758621,464
yunionio/cloudpods,0.8786743556944068,0.9918367346938776,980,0.8490733478380688,0.9662020240595761,5237
