feature,share_a,share_b,delta
trailing_90d_slow_rate,0.11657101136496405,0.13940287047950506,0.02283185911454101
n_reviewers_requested_at_open,0.02609130194287799,0.015827273441877888,-0.010264028501000104
reviewer_requested_at_open,0.05982968959723516,0.04988168691471167,-0.009948002682523494
n_ci_workflows,0.019190366141642257,0.009778341429520374,-0.009412024712121884
open_backlog_at_t,0.014600313026046552,0.02201815734389558,0.0074178443178490264
language_dominant,0.013083153965828837,0.005703687244458288,-0.0073794667213705496
n_mentionable_users,0.006781653918057584,0.013397377876766186,0.006615723958708602
author_prior_slow_rate_here,0.4733735183637479,0.4681476641326875,-0.005225854231060423
body_len,0.04339973905227553,0.03888229855824123,-0.004517440494034304
is_draft_at_open,0.007425941030441735,0.011482572257441722,0.004056631226999987
n_assignable_users,0.03191748484163621,0.035599335394373224,0.0036818505527370163
trailing_n,0.014227206157042167,0.017838268377368495,0.0036110622203263283
repo_age_days_at_open,0.014399835732982378,0.017826541606636305,0.0034267058736539274
has_codeowners,0.006421346763193302,0.0031632371914531703,-0.0032581095717401313
n_commits_at_open,0.009498233384162747,0.006501410298830044,-0.0029968230853327027
deletions_at_open,0.012134533428700333,0.009541983944913162,-0.0025925494837871713
created_dayofweek,0.006478643526556462,0.008529808380076212,0.00205116485351975
n_prior_merged_here,0.006068598583502926,0.007371763549493124,0.0013031649659901974
is_cross_repository,0.0007430252425593886,0.0017843246376441136,0.001041299395084725
additions_at_open,0.024469289318161946,0.023656303752565038,-0.0008129855655969083
days_since_first_pr_here,0.009127442243905444,0.008398543652247655,-0.0007288985916577891
author_prior_n,0.004596266550582123,0.005222116556968852,0.0006258500063867287
base_is_default,0.0019447614617619873,0.002523318022832033,0.0005785565610700455
title_len_at_open,0.012827853619841085,0.012333040031012262,-0.0004948135888288227
n_prior_prs_here,0.008051563797723385,0.008521856482839409,0.00047029268511602357
has_pr_template,0.002184479393369073,0.0017316185874425192,-0.0004528608059265538
n_labels_at_open,0.00021396219392918786,0.00038979647584657805,0.0001758342819173902
owner_is_org,0.0002998819158582019,0.0004750363979850104,0.00017515448212680854
has_body,0.00016989110857748536,1.825860437218119e-05,-0.00015163250420530418
prior_merge_rate_here,0.034955917955447335,0.03509299370170243,0.00013707574625509283
prs_opened_trailing_7d,0.00573322945176969,0.005614209939051237,-0.00011901951271845249
created_hour_utc,0.0027434321668102523,0.002861164517268646,0.00011773235045839381
author_account_age_days,0.009580876469080032,0.009693654204614236,0.00011277773553420439
is_first_pr_here,0.0001246969213282332,5.580863082766691e-05,-6.888829050056629e-05
has_contributing,0.0007408593684009597,0.0007291869534287625,-1.1672414972197127e-05
is_weekend,0.0,4.490429101978646e-06,4.490429101978646e-06
requested_team_at_open,0.0,0.0,0.0
