slice,level,n,n_repos,actual_rate,mean_p_hat,gap,gap_ci_lo,gap_ci_hi,scenario
is_first_pr_here,first-time,1489,37,0.37273337810611146,0.46047164121107437,-0.03623704295921881,-0.12714774498455497,0.05804568943729505,A
is_first_pr_here,repeat,12646,39,0.494385576466867,0.5203405909193671,-0.03461666942014557,-0.0758501920184192,0.007303289616960004,A
hour_bucket,00-06,3235,35,0.47635239567233384,0.5036947022797109,-0.07749131864621946,-0.15213746204781667,-0.0007873029004840709,A
hour_bucket,06-12,3786,38,0.5047543581616482,0.5165387102258645,-0.04143228049980036,-0.10061808018782967,0.024293145869905747,A
hour_bucket,12-18,3557,37,0.4467247680629744,0.5125548657884091,-0.05397855047583955,-0.10864227886828146,-0.0007183017205548694,A
hour_bucket,18-24,3557,36,0.4964858026426764,0.5222501574726587,-0.08507126916655085,-0.14227743475998916,-0.028848464277378652,A
is_first_pr_here,first-time,3480,39,0.3936781609195402,0.4462568918262525,0.06749753909485302,0.0023415197112326516,0.13596006483037906,B
is_first_pr_here,repeat,34964,39,0.4711131449490905,0.5103952988956296,0.0037252045441259897,-0.02696698534363842,0.03448646054571899,B
hour_bucket,00-06,8282,39,0.5149722289302101,0.5452212119494891,-0.01986793457895631,-0.07462135346277521,0.031634432706607145,B
hour_bucket,06-12,11354,39,0.5299453936938524,0.5543544824648224,0.002222405213632108,-0.03823405652906992,0.04155553406535146,B
hour_bucket,12-18,10249,39,0.43789638013464727,0.4897930566376254,0.003215081200152057,-0.029472891335502113,0.03580785989008178,B
hour_bucket,18-24,8559,39,0.35892043463021384,0.41697433174341253,0.031346920362129924,-0.01532115651274304,0.08176481529549473,B
